what,kind,bundleId,bundleVersion,description,time
started,bundle,org.eclipse.ui.workbench,3.6.0.I20100603-1100,"org.eclipse.ui.workbench",1308206461018
started,bundle,org.eclipse.ui.workbench.texteditor,3.6.0.v20100520-0800,"org.eclipse.ui.workbench.texteditor",1308206461019
started,bundle,org.eclipse.wst.common.core,1.2.0.v200908252030,"org.eclipse.wst.common.core",1308206461020
started,bundle,org.eclipse.wst.common.emf,1.2.0.v201005200700,"org.eclipse.wst.common.emf",1308206461021
started,bundle,org.eclipse.wst.common.emfworkbench.integration,1.2.0.v201004110600,"org.eclipse.wst.common.emfworkbench.integration",1308206461021
started,bundle,org.eclipse.wst.common.frameworks,1.2.0.v201003040800,"org.eclipse.wst.common.frameworks",1308206461022
started,bundle,org.eclipse.wst.common.modulecore,1.2.0.v201005200200,"org.eclipse.wst.common.modulecore",1308206461023
started,bundle,org.eclipse.wst.common.project.facet.core,1.4.100.v201005190114,"org.eclipse.wst.common.project.facet.core",1308206461023
started,bundle,org.eclipse.wst.common.uriresolver,1.1.401.v201004280700,"org.eclipse.wst.common.uriresolver",1308206461024
started,bundle,org.eclipse.wst.css.core,1.1.400.v201005261534,"org.eclipse.wst.css.core",1308206461025
started,bundle,org.eclipse.wst.css.ui,1.0.500.v201004290328,"org.eclipse.wst.css.ui",1308206461026
started,bundle,org.eclipse.wst.dtd.core,1.1.400.v201004290328,"org.eclipse.wst.dtd.core",1308206461027
started,bundle,org.eclipse.wst.dtd.ui,1.0.500.v201004290328,"org.eclipse.wst.dtd.ui",1308206461028
started,bundle,org.eclipse.wst.html.core,1.1.400.v201005261534,"org.eclipse.wst.html.core",1308206461039
started,bundle,org.eclipse.wst.html.ui,1.0.500.v201006030742,"org.eclipse.wst.html.ui",1308206461040
started,bundle,org.eclipse.wst.internet.cache,1.0.400.v201004280700,"org.eclipse.wst.internet.cache",1308206461040
started,bundle,org.eclipse.wst.jsdt.core,1.1.0.v201006030738,"org.eclipse.wst.jsdt.core",1308206461041
started,bundle,org.eclipse.wst.jsdt.manipulation,1.0.200.v201004150600,"org.eclipse.wst.jsdt.manipulation",1308206461041
started,bundle,org.eclipse.wst.jsdt.ui,1.1.0.v201005200157,"org.eclipse.wst.jsdt.ui",1308206461044
started,bundle,org.eclipse.wst.jsdt.web.core,1.0.300.v201004150625,"org.eclipse.wst.jsdt.web.core",1308206461045
started,bundle,org.eclipse.wst.jsdt.web.ui,1.0.300.v201006030742,"org.eclipse.wst.jsdt.web.ui",1308206461046
started,bundle,org.eclipse.wst.sse.core,1.1.500.v201006020308,"org.eclipse.wst.sse.core",1308206461046
started,bundle,org.eclipse.wst.sse.ui,1.2.0.v201006030742,"org.eclipse.wst.sse.ui",1308206461047
started,bundle,org.eclipse.wst.validation,1.2.200.v201005271900,"org.eclipse.wst.validation",1308206461048
started,bundle,org.eclipse.wst.xml.core,1.1.500.v201005271618,"org.eclipse.wst.xml.core",1308206461049
started,bundle,org.eclipse.wst.xml.ui,1.1.100.v201006030742,"org.eclipse.wst.xml.ui",1308206461050
started,bundle,org.eclipse.wst.xsl.core,1.1.0.v201004290328,"org.eclipse.wst.xsl.core",1308206461051
started,bundle,org.eclipse.wst.xsl.exslt.core,1.0.0.v201005240426,"org.eclipse.wst.xsl.exslt.core",1308206461051
os,sysinfo,,,"macosx",1308206461056
arch,sysinfo,,,"x86_64",1308206461056
ws,sysinfo,,,"cocoa",1308206461056
locale,sysinfo,,,"en_US",1308206461056
processors,sysinfo,,,"2",1308206461056
java.runtime.name,sysinfo,,,"Java(TM) SE Runtime Environment",1308206461056
java.runtime.version,sysinfo,,,"1.6.0_24-b07-334-10M3326",1308206461056
java.specification.name,sysinfo,,,"Java Platform API Specification",1308206461056
java.specification.vendor,sysinfo,,,"Sun Microsystems Inc.",1308206461056
java.specification.version,sysinfo,,,"1.6",1308206461056
java.vendor,sysinfo,,,"Apple Inc.",1308206461056
java.version,sysinfo,,,"1.6.0_24",1308206461056
java.vm.info,sysinfo,,,"mixed mode",1308206461056
java.vm.name,sysinfo,,,"Java HotSpot(TM) 64-Bit Server VM",1308206461056
java.vm.specification.name,sysinfo,,,"Java Virtual Machine Specification",1308206461056
java.vm.specification.vendor,sysinfo,,,"Sun Microsystems Inc.",1308206461056
java.vm.specification.version,sysinfo,,,"1.0",1308206461056
java.vm.vendor,sysinfo,,,"Apple Inc.",1308206461056
java.vm.version,sysinfo,,,"19.1-b02-334",1308206461056
started,bundle,org.eclipse.php.debug.core,2.2.0.v20100616-1900,"org.eclipse.php.debug.core",1308206461131
started,bundle,org.eclipse.update.scheduler,3.2.300.v20100512,"org.eclipse.update.scheduler",1308206461231
started,bundle,org.eclipse.update.configurator,3.3.100.v20100512,"org.eclipse.update.configurator",1308206461351
started,bundle,org.eclipse.update.core,3.2.400.v20100512,"org.eclipse.update.core",1308206461372
started,bundle,org.eclipse.dltk.core.index.sql.h2,2.0.0.v20100616-2015,"org.eclipse.dltk.core.index.sql.h2",1308206461596
activated,workbench,org.eclipse.ui.workbench,3.6.0.I20100603-1100,"",1308206542759
activated,view,org.eclipse.php.ui,2.2.0.v20100616-1900,"org.eclipse.php.ui.explorer",1308206544137
deactivated,workbench,org.eclipse.ui.workbench,3.6.0.I20100603-1100,"",1308206550416
activated,workbench,org.eclipse.ui.workbench,3.6.0.I20100603-1100,"",1308206569963
executed,command,org.eclipse.ui,3.6.0.I20100603-1100,"org.eclipse.ui.file.import",1308206570017
executed,command,org.eclipse.ui,3.6.0.I20100603-1100,"org.eclipse.ui.file.import",1308206570017
started,bundle,org.eclipse.dltk.rse.core,2.0.0.v20100115-2213,"org.eclipse.dltk.rse.core",1308206574019
started,bundle,org.eclipse.rse.core,3.1.100.v201003151933,"org.eclipse.rse.core",1308206574065
deactivated,workbench,org.eclipse.ui.workbench,3.6.0.I20100603-1100,"",1308206574079
started,bundle,org.eclipse.rse.services,3.2.0.v201006041352,"org.eclipse.rse.services",1308206574128
activated,workbench,org.eclipse.ui.workbench,3.6.0.I20100603-1100,"",1308206574345
deactivated,workbench,org.eclipse.ui.workbench,3.6.0.I20100603-1100,"",1308206574551
executed,command,org.eclipse.ui,3.6.0.I20100603-1100,"org.eclipse.ui.edit.copy",1308206620059
closed,workbench,org.eclipse.ui.workbench,3.6.0.I20100603-1100,"",1308206735786
stopped,bundle,org.eclipse.dltk.testing,1.0.0.v20090914-1703,"org.eclipse.dltk.testing",1308206736382
stopped,bundle,org.zend.php.debug.debugger,5.3.18.v20100603,"org.zend.php.debug.debugger",1308206736382
stopped,bundle,org.eclipse.php.server.ui,2.2.0.v20100616-1900,"org.eclipse.php.server.ui",1308206736383
stopped,bundle,org.eclipse.php.debug.ui,2.2.0.v20100616-1900,"org.eclipse.php.debug.ui",1308206736386
stopped,bundle,org.eclipse.dltk.debug.ui,2.0.0.v20100115-2213,"org.eclipse.dltk.debug.ui",1308206736390
stopped,bundle,org.eclipse.dltk.formatter,2.0.0.v20100304-1959,"org.eclipse.dltk.formatter",1308206736391
stopped,bundle,org.eclipse.dltk.rse.ui,2.0.0.v20100115-2213,"org.eclipse.dltk.rse.ui",1308206736392
stopped,bundle,org.eclipse.dltk.validators.externalchecker,1.0.0.v20090803-1754,"org.eclipse.dltk.validators.externalchecker",1308206736393
stopped,bundle,org.eclipse.dltk.validators.ui,2.0.0.v20091214-1712,"org.eclipse.dltk.validators.ui",1308206736394
stopped,bundle,org.eclipse.php.debug.core,2.2.0.v20100616-1900,"org.eclipse.php.debug.core",1308206736394
stopped,bundle,org.eclipse.php.ui,2.2.0.v20100616-1900,"org.eclipse.php.ui",1308206736396
stopped,bundle,org.eclipse.dltk.ui,2.0.0.v20100603-0936,"org.eclipse.dltk.ui",1308206736396
stopped,bundle,org.eclipse.equinox.p2.ui.sdk,1.0.100.v20100513,"org.eclipse.equinox.p2.ui.sdk",1308206736398
stopped,bundle,org.eclipse.wst.xsl.jaxp.debug.ui,1.0.100.v201004290328,"org.eclipse.wst.xsl.jaxp.debug.ui",1308206736399
stopped,bundle,org.eclipse.jdt.debug.ui,3.5.0.v20100602-0830,"org.eclipse.jdt.debug.ui",1308206736401
stopped,bundle,org.eclipse.jdt.ui,3.6.0.v20100602-1600,"org.eclipse.jdt.ui",1308206736406
stopped,bundle,org.eclipse.rse.importexport,1.2.100.v201003010830,"org.eclipse.rse.importexport",1308206736407
activated,perspective,org.eclipse.php.ui,,"org.eclipse.php.perspective",1308206753362
started,bundle,org.eclipse.osgi,3.6.0.v20100517,"org.eclipse.osgi",1308206753364
started,bundle,org.eclipse.equinox.simpleconfigurator,1.0.200.v20100503,"org.eclipse.equinox.simpleconfigurator",1308206753365
started,bundle,com.ibm.icu,4.2.1.v20100412,"com.ibm.icu",1308206753365
started,bundle,org.eclipse.compare.core,3.5.100.I20100526-0800,"org.eclipse.compare.core",1308206753366
started,bundle,org.eclipse.core.contenttype,3.4.100.v20100505-1235,"org.eclipse.core.contenttype",1308206753366
started,bundle,org.eclipse.core.databinding.observable,1.3.0.I20100601-0800,"org.eclipse.core.databinding.observable",1308206753367
started,bundle,org.eclipse.core.expressions,3.4.200.v20100505,"org.eclipse.core.expressions",1308206753368
started,bundle,org.eclipse.core.filebuffers,3.5.100.v20100520-0800,"org.eclipse.core.filebuffers",1308206753368
started,bundle,org.eclipse.core.filesystem,1.3.0.v20100526-0737,"org.eclipse.core.filesystem",1308206753369
started,bundle,org.eclipse.core.jobs,3.5.0.v20100515,"org.eclipse.core.jobs",1308206753370
started,bundle,org.eclipse.core.net,1.2.100.I20100511-0800,"org.eclipse.core.net",1308206753370
started,bundle,org.eclipse.core.resources,3.6.0.v20100526-0737,"org.eclipse.core.resources",1308206753371
started,bundle,org.eclipse.core.runtime,3.6.0.v20100505,"org.eclipse.core.runtime",1308206753371
started,bundle,org.eclipse.core.runtime.compatibility,3.2.100.v20100505,"org.eclipse.core.runtime.compatibility",1308206753372
started,bundle,org.eclipse.core.runtime.compatibility.auth,3.2.200.v20100517,"org.eclipse.core.runtime.compatibility.auth",1308206753373
started,bundle,org.eclipse.debug.core,3.6.0.v20100519,"org.eclipse.debug.core",1308206753385
started,bundle,org.eclipse.debug.ui,3.6.0.v20100601-1530,"org.eclipse.debug.ui",1308206753387
started,bundle,org.eclipse.dltk.core,2.0.0.v20100603-0936,"org.eclipse.dltk.core",1308206753388
started,bundle,org.eclipse.dltk.core.index.sql,2.0.0.v20100616-2015,"org.eclipse.dltk.core.index.sql",1308206753393
started,bundle,org.eclipse.dltk.core.index.sql.h2,2.0.0.v20100616-2015,"org.eclipse.dltk.core.index.sql.h2",1308206753394
started,bundle,org.eclipse.dltk.launching,2.0.0.v20100524-0038,"org.eclipse.dltk.launching",1308206753395
started,bundle,org.eclipse.dltk.ui,2.0.0.v20100603-0936,"org.eclipse.dltk.ui",1308206753421
started,bundle,org.eclipse.emf.common,2.6.0.v20100614-1136,"org.eclipse.emf.common",1308206753421
started,bundle,org.eclipse.emf.ecore,2.6.0.v20100614-1136,"org.eclipse.emf.ecore",1308206753460
started,bundle,org.eclipse.emf.ecore.xmi,2.5.0.v20100521-1846,"org.eclipse.emf.ecore.xmi",1308206753460
started,bundle,org.eclipse.epp.usagedata.gathering,1.3.0.R201005261100,"org.eclipse.epp.usagedata.gathering",1308206753461
started,bundle,org.eclipse.epp.usagedata.recording,1.3.0.R201005261100,"org.eclipse.epp.usagedata.recording",1308206753461
started,bundle,org.eclipse.equinox.app,1.3.0.v20100512,"org.eclipse.equinox.app",1308206753462
started,bundle,org.eclipse.equinox.common,3.6.0.v20100503,"org.eclipse.equinox.common",1308206753462
started,bundle,org.eclipse.equinox.ds,1.2.0.v20100507,"org.eclipse.equinox.ds",1308206753463
started,bundle,org.eclipse.equinox.event,1.2.0.v20100503,"org.eclipse.equinox.event",1308206753464
started,bundle,org.eclipse.equinox.p2.core,2.0.0.v20100510,"org.eclipse.equinox.p2.core",1308206753464
started,bundle,org.eclipse.equinox.p2.directorywatcher,1.0.200.v20100601,"org.eclipse.equinox.p2.directorywatcher",1308206753465
started,bundle,org.eclipse.equinox.p2.engine,2.0.0.v20100606,"org.eclipse.equinox.p2.engine",1308206753466
started,bundle,org.eclipse.equinox.p2.metadata,2.0.0.v20100601,"org.eclipse.equinox.p2.metadata",1308206753466
started,bundle,org.eclipse.equinox.p2.metadata.repository,1.1.0.v20100513,"org.eclipse.equinox.p2.metadata.repository",1308206753467
started,bundle,org.eclipse.equinox.p2.operations,2.0.0.v20100510,"org.eclipse.equinox.p2.operations",1308206753467
started,bundle,org.eclipse.equinox.p2.reconciler.dropins,1.1.0.v20100525,"org.eclipse.equinox.p2.reconciler.dropins",1308206753468
started,bundle,org.eclipse.equinox.p2.repository,2.0.0.v20100519,"org.eclipse.equinox.p2.repository",1308206753468
started,bundle,org.eclipse.equinox.p2.ui.sdk.scheduler,1.0.0.v20100507-1815,"org.eclipse.equinox.p2.ui.sdk.scheduler",1308206753470
started,bundle,org.eclipse.equinox.p2.updatechecker,1.1.100.v20100503a,"org.eclipse.equinox.p2.updatechecker",1308206753472
started,bundle,org.eclipse.equinox.preferences,3.3.0.v20100503,"org.eclipse.equinox.preferences",1308206753473
started,bundle,org.eclipse.equinox.registry,3.5.0.v20100503,"org.eclipse.equinox.registry",1308206753474
started,bundle,org.eclipse.equinox.security,1.0.200.v20100503,"org.eclipse.equinox.security",1308206753474
started,bundle,org.eclipse.equinox.util,1.0.200.v20100503,"org.eclipse.equinox.util",1308206753475
started,bundle,org.eclipse.help,3.5.0.v20100524,"org.eclipse.help",1308206753476
started,bundle,org.eclipse.jem.util,2.1.0.v201005130500,"org.eclipse.jem.util",1308206753477
started,bundle,org.eclipse.jface,3.6.0.I20100601-0800,"org.eclipse.jface",1308206753477
started,bundle,org.eclipse.jsch.core,1.1.200.I20100505-1245,"org.eclipse.jsch.core",1308206753478
started,bundle,org.eclipse.ltk.core.refactoring,3.5.100.v20100526-0800,"org.eclipse.ltk.core.refactoring",1308206753478
started,bundle,org.eclipse.mylyn.bugzilla.core,3.4.0.v20100608-0100-e3x,"org.eclipse.mylyn.bugzilla.core",1308206753479
started,bundle,org.eclipse.mylyn.bugzilla.ui,3.4.0.v20100608-0100-e3x,"org.eclipse.mylyn.bugzilla.ui",1308206753480
started,bundle,org.eclipse.mylyn.commons.net,3.4.0.v20100608-0100-e3x,"org.eclipse.mylyn.commons.net",1308206753480
started,bundle,org.eclipse.mylyn.commons.ui,3.4.0.v20100608-0100-e3x,"org.eclipse.mylyn.commons.ui",1308206753481
started,bundle,org.eclipse.mylyn.context.core,3.4.0.v20100608-0100-e3x,"org.eclipse.mylyn.context.core",1308206753482
started,bundle,org.eclipse.mylyn.context.ui,3.4.0.v20100608-0100-e3x,"org.eclipse.mylyn.context.ui",1308206753483
started,bundle,org.eclipse.mylyn.monitor.ui,3.4.0.v20100608-0100-e3x,"org.eclipse.mylyn.monitor.ui",1308206753483
started,bundle,org.eclipse.mylyn.tasks.ui,3.4.0.v20100608-0100-e3x,"org.eclipse.mylyn.tasks.ui",1308206753484
started,bundle,org.eclipse.mylyn.team.ui,3.4.0.v20100608-0100-e3x,"org.eclipse.mylyn.team.ui",1308206753485
started,bundle,org.eclipse.php.core,2.2.0.v20100616-1900,"org.eclipse.php.core",1308206753485
started,bundle,org.eclipse.php.debug.core,2.2.0.v20100616-1900,"org.eclipse.php.debug.core",1308206753486
started,bundle,org.eclipse.php.debug.daemon,2.2.0.v20100616-1900,"org.eclipse.php.debug.daemon",1308206753486
started,bundle,org.eclipse.php.debug.ui,2.2.0.v20100616-1900,"org.eclipse.php.debug.ui",1308206753486
started,bundle,org.eclipse.php.server.core,2.2.0.v20100616-1900,"org.eclipse.php.server.core",1308206753487
started,bundle,org.eclipse.php.ui,2.2.0.v20100616-1900,"org.eclipse.php.ui",1308206753487
started,bundle,org.eclipse.search,3.6.0.v20100520-0800,"org.eclipse.search",1308206753487
started,bundle,org.eclipse.team.core,3.5.100.I20100527-0800,"org.eclipse.team.core",1308206753488
started,bundle,org.eclipse.team.cvs.core,3.3.300.I20100526-0800,"org.eclipse.team.cvs.core",1308206753489
started,bundle,org.eclipse.team.cvs.ui,3.3.300.I20100526-0800,"org.eclipse.team.cvs.ui",1308206753490
started,bundle,org.eclipse.team.ui,3.5.100.I20100527-0800,"org.eclipse.team.ui",1308206753490
started,bundle,org.eclipse.ui,3.6.0.I20100603-1100,"org.eclipse.ui",1308206753492
started,bundle,org.eclipse.ui.console,3.5.0.v20100526,"org.eclipse.ui.console",1308206753493
started,bundle,org.eclipse.ui.editors,3.6.0.v20100520-0800,"org.eclipse.ui.editors",1308206753493
started,bundle,org.eclipse.ui.forms,3.5.0.v20100427,"org.eclipse.ui.forms",1308206753494
started,bundle,org.eclipse.ui.ide,3.6.0.I20100601-0800,"org.eclipse.ui.ide",1308206753495
started,bundle,org.eclipse.ui.net,1.2.100.I20100505-1245,"org.eclipse.ui.net",1308206753496
started,bundle,org.eclipse.ui.views,3.5.0.I20100527-0800,"org.eclipse.ui.views",1308206753496
started,bundle,org.eclipse.ui.workbench,3.6.0.I20100603-1100,"org.eclipse.ui.workbench",1308206753497
started,bundle,org.eclipse.ui.workbench.texteditor,3.6.0.v20100520-0800,"org.eclipse.ui.workbench.texteditor",1308206753498
started,bundle,org.eclipse.update.configurator,3.3.100.v20100512,"org.eclipse.update.configurator",1308206753498
started,bundle,org.eclipse.update.core,3.2.400.v20100512,"org.eclipse.update.core",1308206753499
started,bundle,org.eclipse.update.scheduler,3.2.300.v20100512,"org.eclipse.update.scheduler",1308206753500
started,bundle,org.eclipse.wst.common.core,1.2.0.v200908252030,"org.eclipse.wst.common.core",1308206753500
started,bundle,org.eclipse.wst.common.emf,1.2.0.v201005200700,"org.eclipse.wst.common.emf",1308206753501
started,bundle,org.eclipse.wst.common.emfworkbench.integration,1.2.0.v201004110600,"org.eclipse.wst.common.emfworkbench.integration",1308206753501
started,bundle,org.eclipse.wst.common.frameworks,1.2.0.v201003040800,"org.eclipse.wst.common.frameworks",1308206753502
started,bundle,org.eclipse.wst.common.modulecore,1.2.0.v201005200200,"org.eclipse.wst.common.modulecore",1308206753503
started,bundle,org.eclipse.wst.common.project.facet.core,1.4.100.v201005190114,"org.eclipse.wst.common.project.facet.core",1308206753503
started,bundle,org.eclipse.wst.common.uriresolver,1.1.401.v201004280700,"org.eclipse.wst.common.uriresolver",1308206753504
started,bundle,org.eclipse.wst.css.core,1.1.400.v201005261534,"org.eclipse.wst.css.core",1308206753505
started,bundle,org.eclipse.wst.css.ui,1.0.500.v201004290328,"org.eclipse.wst.css.ui",1308206753506
started,bundle,org.eclipse.wst.dtd.core,1.1.400.v201004290328,"org.eclipse.wst.dtd.core",1308206753507
started,bundle,org.eclipse.wst.dtd.ui,1.0.500.v201004290328,"org.eclipse.wst.dtd.ui",1308206753508
started,bundle,org.eclipse.wst.html.core,1.1.400.v201005261534,"org.eclipse.wst.html.core",1308206753508
started,bundle,org.eclipse.wst.html.ui,1.0.500.v201006030742,"org.eclipse.wst.html.ui",1308206753509
started,bundle,org.eclipse.wst.internet.cache,1.0.400.v201004280700,"org.eclipse.wst.internet.cache",1308206753509
started,bundle,org.eclipse.wst.jsdt.core,1.1.0.v201006030738,"org.eclipse.wst.jsdt.core",1308206753510
started,bundle,org.eclipse.wst.jsdt.manipulation,1.0.200.v201004150600,"org.eclipse.wst.jsdt.manipulation",1308206753511
started,bundle,org.eclipse.wst.jsdt.ui,1.1.0.v201005200157,"org.eclipse.wst.jsdt.ui",1308206753514
started,bundle,org.eclipse.wst.jsdt.web.core,1.0.300.v201004150625,"org.eclipse.wst.jsdt.web.core",1308206753514
started,bundle,org.eclipse.wst.jsdt.web.ui,1.0.300.v201006030742,"org.eclipse.wst.jsdt.web.ui",1308206753515
started,bundle,org.eclipse.wst.sse.core,1.1.500.v201006020308,"org.eclipse.wst.sse.core",1308206753516
started,bundle,org.eclipse.wst.sse.ui,1.2.0.v201006030742,"org.eclipse.wst.sse.ui",1308206753517
started,bundle,org.eclipse.wst.validation,1.2.200.v201005271900,"org.eclipse.wst.validation",1308206753517
started,bundle,org.eclipse.wst.xml.core,1.1.500.v201005271618,"org.eclipse.wst.xml.core",1308206753518
started,bundle,org.eclipse.wst.xml.ui,1.1.100.v201006030742,"org.eclipse.wst.xml.ui",1308206753519
started,bundle,org.eclipse.wst.xsl.core,1.1.0.v201004290328,"org.eclipse.wst.xsl.core",1308206753519
started,bundle,org.eclipse.wst.xsl.exslt.core,1.0.0.v201005240426,"org.eclipse.wst.xsl.exslt.core",1308206753520
os,sysinfo,,,"macosx",1308206753524
arch,sysinfo,,,"x86_64",1308206753524
ws,sysinfo,,,"cocoa",1308206753524
locale,sysinfo,,,"en_US",1308206753524
processors,sysinfo,,,"2",1308206753524
java.runtime.name,sysinfo,,,"Java(TM) SE Runtime Environment",1308206753524
java.runtime.version,sysinfo,,,"1.6.0_24-b07-334-10M3326",1308206753524
java.specification.name,sysinfo,,,"Java Platform API Specification",1308206753524
java.specification.vendor,sysinfo,,,"Sun Microsystems Inc.",1308206753524
java.specification.version,sysinfo,,,"1.6",1308206753524
java.vendor,sysinfo,,,"Apple Inc.",1308206753524
java.version,sysinfo,,,"1.6.0_24",1308206753524
java.vm.info,sysinfo,,,"mixed mode",1308206753524
java.vm.name,sysinfo,,,"Java HotSpot(TM) 64-Bit Server VM",1308206753524
java.vm.specification.name,sysinfo,,,"Java Virtual Machine Specification",1308206753524
java.vm.specification.vendor,sysinfo,,,"Sun Microsystems Inc.",1308206753524
java.vm.specification.version,sysinfo,,,"1.0",1308206753524
java.vm.vendor,sysinfo,,,"Apple Inc.",1308206753524
java.vm.version,sysinfo,,,"19.1-b02-334",1308206753524
activated,view,org.eclipse.php.ui,2.2.0.v20100616-1900,"org.eclipse.php.ui.explorer",1308206753725
closed,editor,org.eclipse.php.ui,2.2.0.v20100616-1900,"org.eclipse.php.editor",1308206753725
started,bundle,org.eclipse.dltk.rse.core,2.0.0.v20100115-2213,"org.eclipse.dltk.rse.core",1308206760153
started,bundle,org.eclipse.rse.core,3.1.100.v201003151933,"org.eclipse.rse.core",1308206760181
deactivated,workbench,org.eclipse.ui.workbench,3.6.0.I20100603-1100,"",1308206760204
started,bundle,org.eclipse.rse.services,3.2.0.v201006041352,"org.eclipse.rse.services",1308206760219
activated,workbench,org.eclipse.ui.workbench,3.6.0.I20100603-1100,"",1308206760514
deactivated,workbench,org.eclipse.ui.workbench,3.6.0.I20100603-1100,"",1308206760827
activated,workbench,org.eclipse.ui.workbench,3.6.0.I20100603-1100,"",1308206785146
deactivated,workbench,org.eclipse.ui.workbench,3.6.0.I20100603-1100,"",1308206789315
started,bundle,org.eclipse.help.base,3.5.0.v201006080911,"org.eclipse.help.base",1308206791548
started,bundle,org.eclipse.help.ui,3.5.0.v20100517,"org.eclipse.help.ui",1308206791576
activated,workbench,org.eclipse.ui.workbench,3.6.0.I20100603-1100,"",1308206797642
deactivated,workbench,org.eclipse.ui.workbench,3.6.0.I20100603-1100,"",1308206799566
activated,workbench,org.eclipse.ui.workbench,3.6.0.I20100603-1100,"",1308206814945
deactivated,workbench,org.eclipse.ui.workbench,3.6.0.I20100603-1100,"",1308206826346
activated,workbench,org.eclipse.ui.workbench,3.6.0.I20100603-1100,"",1308206865169
deactivated,workbench,org.eclipse.ui.workbench,3.6.0.I20100603-1100,"",1308206869143
activated,workbench,org.eclipse.ui.workbench,3.6.0.I20100603-1100,"",1308206872016
closed,workbench,org.eclipse.ui.workbench,3.6.0.I20100603-1100,"",1308206872131
stopped,bundle,org.eclipse.dltk.testing,1.0.0.v20090914-1703,"org.eclipse.dltk.testing",1308206872690
stopped,bundle,org.zend.php.debug.debugger,5.3.18.v20100603,"org.zend.php.debug.debugger",1308206872691
stopped,bundle,org.eclipse.php.server.ui,2.2.0.v20100616-1900,"org.eclipse.php.server.ui",1308206872692
stopped,bundle,org.eclipse.php.debug.ui,2.2.0.v20100616-1900,"org.eclipse.php.debug.ui",1308206872693
stopped,bundle,org.eclipse.dltk.debug.ui,2.0.0.v20100115-2213,"org.eclipse.dltk.debug.ui",1308206872694
stopped,bundle,org.eclipse.dltk.formatter,2.0.0.v20100304-1959,"org.eclipse.dltk.formatter",1308206872695
stopped,bundle,org.eclipse.dltk.rse.ui,2.0.0.v20100115-2213,"org.eclipse.dltk.rse.ui",1308206872696
stopped,bundle,org.eclipse.dltk.validators.externalchecker,1.0.0.v20090803-1754,"org.eclipse.dltk.validators.externalchecker",1308206872696
stopped,bundle,org.eclipse.dltk.validators.ui,2.0.0.v20091214-1712,"org.eclipse.dltk.validators.ui",1308206872697
stopped,bundle,org.eclipse.php.debug.core,2.2.0.v20100616-1900,"org.eclipse.php.debug.core",1308206872697
stopped,bundle,org.eclipse.php.ui,2.2.0.v20100616-1900,"org.eclipse.php.ui",1308206872699
stopped,bundle,org.eclipse.dltk.ui,2.0.0.v20100603-0936,"org.eclipse.dltk.ui",1308206872703
stopped,bundle,org.eclipse.equinox.p2.ui.sdk,1.0.100.v20100513,"org.eclipse.equinox.p2.ui.sdk",1308206872705
stopped,bundle,org.eclipse.wst.xsl.jaxp.debug.ui,1.0.100.v201004290328,"org.eclipse.wst.xsl.jaxp.debug.ui",1308206872705
stopped,bundle,org.eclipse.jdt.debug.ui,3.5.0.v20100602-0830,"org.eclipse.jdt.debug.ui",1308206872707
stopped,bundle,org.eclipse.jdt.ui,3.6.0.v20100602-1600,"org.eclipse.jdt.ui",1308206872711
stopped,bundle,org.eclipse.rse.importexport,1.2.100.v201003010830,"org.eclipse.rse.importexport",1308206872712
stopped,bundle,org.eclipse.rse.shells.ui,3.0.200.v201006041352,"org.eclipse.rse.shells.ui",1308206872713
activated,perspective,org.eclipse.php.ui,,"org.eclipse.php.perspective",1308206885087
started,bundle,org.eclipse.osgi,3.6.0.v20100517,"org.eclipse.osgi",1308206885089
started,bundle,org.eclipse.equinox.simpleconfigurator,1.0.200.v20100503,"org.eclipse.equinox.simpleconfigurator",1308206885090
started,bundle,com.ibm.icu,4.2.1.v20100412,"com.ibm.icu",1308206885091
started,bundle,org.eclipse.core.contenttype,3.4.100.v20100505-1235,"org.eclipse.core.contenttype",1308206885092
started,bundle,org.eclipse.core.databinding.observable,1.3.0.I20100601-0800,"org.eclipse.core.databinding.observable",1308206885093
started,bundle,org.eclipse.core.expressions,3.4.200.v20100505,"org.eclipse.core.expressions",1308206885093
started,bundle,org.eclipse.core.filebuffers,3.5.100.v20100520-0800,"org.eclipse.core.filebuffers",1308206885094
started,bundle,org.eclipse.core.filesystem,1.3.0.v20100526-0737,"org.eclipse.core.filesystem",1308206885095
started,bundle,org.eclipse.core.jobs,3.5.0.v20100515,"org.eclipse.core.jobs",1308206885096
started,bundle,org.eclipse.core.net,1.2.100.I20100511-0800,"org.eclipse.core.net",1308206885096
started,bundle,org.eclipse.core.resources,3.6.0.v20100526-0737,"org.eclipse.core.resources",1308206885097
started,bundle,org.eclipse.core.runtime,3.6.0.v20100505,"org.eclipse.core.runtime",1308206885097
started,bundle,org.eclipse.core.runtime.compatibility,3.2.100.v20100505,"org.eclipse.core.runtime.compatibility",1308206885098
started,bundle,org.eclipse.core.runtime.compatibility.auth,3.2.200.v20100517,"org.eclipse.core.runtime.compatibility.auth",1308206885099
started,bundle,org.eclipse.debug.core,3.6.0.v20100519,"org.eclipse.debug.core",1308206885099
started,bundle,org.eclipse.debug.ui,3.6.0.v20100601-1530,"org.eclipse.debug.ui",1308206885104
started,bundle,org.eclipse.dltk.core,2.0.0.v20100603-0936,"org.eclipse.dltk.core",1308206885105
started,bundle,org.eclipse.dltk.core.index.sql,2.0.0.v20100616-2015,"org.eclipse.dltk.core.index.sql",1308206885105
started,bundle,org.eclipse.dltk.core.index.sql.h2,2.0.0.v20100616-2015,"org.eclipse.dltk.core.index.sql.h2",1308206885106
started,bundle,org.eclipse.dltk.launching,2.0.0.v20100524-0038,"org.eclipse.dltk.launching",1308206885107
started,bundle,org.eclipse.dltk.ui,2.0.0.v20100603-0936,"org.eclipse.dltk.ui",1308206885111
started,bundle,org.eclipse.epp.usagedata.gathering,1.3.0.R201005261100,"org.eclipse.epp.usagedata.gathering",1308206885111
started,bundle,org.eclipse.epp.usagedata.recording,1.3.0.R201005261100,"org.eclipse.epp.usagedata.recording",1308206885112
started,bundle,org.eclipse.equinox.app,1.3.0.v20100512,"org.eclipse.equinox.app",1308206885112
